user_input,retrieved_contexts,response,reference,faithfulness,answer_relevancy,context_precision,context_recall
What is the minimum attendance required to write the exam?,"['KG: **Minimum Attendance** (Regulation)\n\nA student must have a minimum of 75% attendance to draft the final exam. Condoation is allowed twice during the course.\n\nKTU B.Tech Regulations 2024\nMES Institute of Technology and Management\nOfficial Document\nKTU B.Tech Regulations 2019\n# R.1 Attendance\nAttendance is the physical presence of the student in the class.\nA student must secure a minimum of 75% attendance in each course to be eligible to appear for the End Semester Examination.\nCondonation of shortage of attendance is allowed up to 10% (i.e. between 65% and 75%).\nCondonation is allowed only twice during the entire course.\n# R.2 Grading System\nApplication must be recommended by the Faculty Advisor and approved by the HOD.\n# Medical Leave\nMedical leave does not exempt the student from the minimum attendance requirement of 75%,\nbut can be considered for Condonation.\n# R.3 Credit System\nA student needs to earn 160 credits to be eligible for the B.Tech degree.\nB.Tech (Honours) requires an additional 20 credits (Total 180).\nMinor degree also requires an additional 20 credits.\nR.4 Leave Rules\n# Duty Leave\nDuty leave is granted to students for participating in official events, sports, or university activities.\nMaximum limit: 10 days per semester.\nApplication must be recommended by the Faculty Advisor and approved by the HOD.\n# Medical Leave']","The minimum attendance required to write the exam is 75%. This is stated in Regulation R.1, which states that a student must secure a minimum of 75% attendance in each course to be eligible to appear for the End Semester Examination. Additionally, condonation of shortage of attendance is allowed up to 10% (i.e., between 65% and 75%), but this can only be done twice during the entire course.

Here are some key points to note:

• The minimum attendance requirement is 75%.
• Condonation of shortage of attendance is allowed, but only up to 10% (between 65% and 75%).
• Condonation can only be done twice during the entire course.
• Medical leave does not exempt a student from the minimum attendance requirement, but may be considered for condonation.",A student must secure a minimum of 75% attendance in each course to be eligible to appear for the End Semester Examination. Condonation is allowed up to 10% (i.e. between 65% and 75%) twice during the course.,,0.9999999999999994,0.9999999999,1.0
Who is the HOD of Computer Science Department?,"['KG: **ME** (Department)\n\n**Details:**\n- hasHOD: http://mesitam.ac.in/ns#Dr_Suresh\n\nMES INSTITUTE OF TECHNOLOGY AND MANAGEMENT\nCHATHANNOOR PO, KOLLAM 691572\nDEPARTMENT OF COMPUTER SCIENCE & ENGINEERING\nSeminar Presentation Guidelines\nSemester: S7 B.Tech\nCourse Code: CSQ413\nCredits: 2\n➢ The Department shall form an Internal Evaluation Committee (IEC) for the seminar with academic\ncoordinator for that program as the Chairperson/Chairman and seminar coordinator & seminar\nguide as members. During the seminar presentation of a student, all members of IEC shall be\npresent.\n• Getting familiar with development workflows, program structure, and expectations.\n• Preparing for upcoming hands-on assignments and project-based learning.\nSecretary – MATRIX (Computer Science Association) 2024 – 2025\nMES Institute of Technology and Management (MESITAM)\n• Initiated and led the rejuvenation of the CSE student association, including rebranding from IC@M to\nMATRIX.\n• Coordinated technical workshops, industry interactions, and placement-oriented programs.\n• Getting familiar with development workflows, program structure, and expectations.\n• Preparing for upcoming hands-on assignments and project-based learning.\nSecretary – MATRIX (Computer Science Association) 2024 – 2025\nMES Institute of Technology and Management (MESITAM)\n• Initiated and led the rejuvenation of the CSE student association, including rebranding from IC@M to\nMATRIX.\n• Coordinated technical workshops, industry interactions, and placement-oriented programs.']","The Head of Department (HOD) for the Computer Science & Engineering department at MES Institute of Technology and Management can be found on the provided context as follows:

* The link to the HOD's information is: http://mesitam.ac.in/ns#Dr_Suresh
* This indicates that Dr. Suresh is the Head of Department (HOD) for the Computer Science & Engineering department at MES Institute of Technology and Management.

Therefore, the answer is:

The HOD of Computer Science Department is Dr. Suresh.",Dr. Anitha S is the Professor & HOD of the Computer Science and Engineering (CSE) department.,,,0.0,1.0
What are the modules in Theory of Computation?,"['Syllabus - B.Tech CSE S5\nMES Institute of Technology and Management\nOfficial Document\nCST301 - Theory of Computation\n# Module 1: Finite Automata\nIntroduction to Automata Theory, Strings, Languages.\nDFA (Deterministic Finite Automata): Definition, Transition diagram.\nNFA (Nondeterministic Finite Automata): Definition, Equivalence of NFA and DFA.\n# Module 2: Regular Expressions\nRegular Expressions and Languages.\nPumping Lemma for Regular Languages.\nClosure properties of Regular Languages.\n• Getting familiar with development workflows, program structure, and expectations.\n• Preparing for upcoming hands-on assignments and project-based learning.\nSecretary – MATRIX (Computer Science Association) 2024 – 2025\nMES Institute of Technology and Management (MESITAM)\n• Initiated and led the rejuvenation of the CSE student association, including rebranding from IC@M to\nMATRIX.\n• Coordinated technical workshops, industry interactions, and placement-oriented programs.\n• Getting familiar with development workflows, program structure, and expectations.\n• Preparing for upcoming hands-on assignments and project-based learning.\nSecretary – MATRIX (Computer Science Association) 2024 – 2025\nMES Institute of Technology and Management (MESITAM)\n• Initiated and led the rejuvenation of the CSE student association, including rebranding from IC@M to\nMATRIX.\n• Coordinated technical workshops, industry interactions, and placement-oriented programs.']","Based on the provided context, the modules in Theory of Computation for CST301 - Theory of Computation at MES Institute of Technology and Management are:

* Module 1: Finite Automata
	+ Introduction to Automata Theory, Strings, Languages.
	+ DFA (Deterministic Finite Automata): Definition, Transition diagram.
	+ NFA (Nondeterministic Finite Automata): Definition, Equivalence of NFA and DFA.

These modules cover the basics of finite automata theory, including deterministic finite automata (DFA) and nondeterministic finite automata (NFA), as well as their definitions and transition diagrams.","Module 1 covers Finite Automata (DFA, NFA). Module 2 covers Regular Expressions and Languages.",,,0.9999999999,1.0
Explain the rules for Duty Leave.,"['KG: **Duty Leave** (Regulation)\n\nDuty leave is granted for students participating in university-level events. Maximum 10 days per semester.\n\n# R.3 Credit System\nA student needs to earn 160 credits to be eligible for the B.Tech degree.\nB.Tech (Honours) requires an additional 20 credits (Total 180).\nMinor degree also requires an additional 20 credits.\nR.4 Leave Rules\n# Duty Leave\nDuty leave is granted to students for participating in official events, sports, or university activities.\nMaximum limit: 10 days per semester.\nApplication must be recommended by the Faculty Advisor and approved by the HOD.\n# Medical Leave\nApplication must be recommended by the Faculty Advisor and approved by the HOD.\n# Medical Leave\nMedical leave does not exempt the student from the minimum attendance requirement of 75%,\nbut can be considered for Condonation.\nKTU B.Tech Regulations 2024\nMES Institute of Technology and Management\nOfficial Document\nKTU B.Tech Regulations 2019\n# R.1 Attendance\nAttendance is the physical presence of the student in the class.\nA student must secure a minimum of 75% attendance in each course to be eligible to appear for the End Semester Examination.\nCondonation of shortage of attendance is allowed up to 10% (i.e. between 65% and 75%).\nCondonation is allowed only twice during the entire course.\n# R.2 Grading System']","Based on the provided context, here are the rules for Duty Leave:

* Duty leave is granted to students for participating in official events, sports, or university activities.
* Maximum limit: 10 days per semester.
* Application must be recommended by the Faculty Advisor and approved by the HOD (Head of Department).

These rules provide a clear framework for students to apply for duty leave, ensuring that they can participate in important university events while also meeting their academic responsibilities.",Duty leave is granted to students for participatig in official events. The maximum limit is 10 days per semester. It must be recommended by the Faculty Advisor and approved by the HOD.,,,0.9999999999,0.0
What is the credit value for a typical B.Tech course like CST301?,"['KG: **CST301** (Course)\n\n**Details:**\n- hasCredit: 4\n- Taught by: Dr. Anitha S\n- governedBy: http://mesitam.ac.in/ns#KTU_2019_Scheme\n\nCondonation is allowed only twice during the entire course.\n# R.2 Grading System\nGrades are awarded based on the total marks (Internal + End Semester).\nS: 90% and above (Outstanding)\nA+: 85% - 90% (Excellent)\nA: 80% - 85% (Very Good)\nB+: 75% - 80% (Good)\nB: 70% - 75% (Above Average)\nC: 60% - 70% (Average)\nP: 50% - 60% (Pass)\nF: Below 50% (Fail)\n# R.3 Credit System\nA student needs to earn 160 credits to be eligible for the B.Tech degree.\n# R.3 Credit System\nA student needs to earn 160 credits to be eligible for the B.Tech degree.\nB.Tech (Honours) requires an additional 20 credits (Total 180).\nMinor degree also requires an additional 20 credits.\nR.4 Leave Rules\n# Duty Leave\nDuty leave is granted to students for participating in official events, sports, or university activities.\nMaximum limit: 10 days per semester.\nApplication must be recommended by the Faculty Advisor and approved by the HOD.\n# Medical Leave\nKTU B.Tech Regulations 2024\nMES Institute of Technology and Management\nOfficial Document\nKTU B.Tech Regulations 2019\n# R.1 Attendance\nAttendance is the physical presence of the student in the class.\nA student must secure a minimum of 75% attendance in each course to be eligible to appear for the End Semester Examination.\nCondonation of shortage of attendance is allowed up to 10% (i.e. between 65% and 75%).\nCondonation is allowed only twice during the entire course.\n# R.2 Grading System']","Based on the provided context, I can answer that:

The credit value for a typical B.Tech course like CST301 is 4 credits.

Here's how it's mentioned in the guidelines:

*   # R.3 Credit System
    A student needs to earn 160 credits to be eligible for the B.Tech degree.
    *   B.Tech (Honours) requires an additional 20 credits (Total 180).
    *   Minor degree also requires an additional 20 credits.

Note that CST301 is a B.Tech course, and since it's a part of the regular B.Tech program, the credit value is 4.",CST301 (Theory of Computation) has 4 credits.,,0.7051878028956852,0.9999999999,0.5
